line_item,2008,2009,2010,2011,2012,2013,2014,2015,2016,2017,2018,2019,2020,2021,2022,2023,2024,2025
ECONOMIC FLOWS (real 2026$),,,,,,,,,,,,,,,,,,
Real EBITDA,10831.8089250963,12565.3356390739,12805.1731481821,14351.6235912847,13300.176729357,13961.2405508313,13562.8441090497,11810.471059038,13689.3752765544,17287.9827635444,16694.2921025698,16677.6967929687,16351.4427284775,17780.7999815478,16938.5092207548,16962.80965993,17843.227993331,18392.3498476438
Economic depreciation,2573.69930175239,2576.77367460481,2649.16103957366,2738.79029245767,2814.26719673795,2904.69620622965,2639.67624825566,2718.50183248644,2836.79991517604,2950.23805881137,3076.1411253064,3276.02798889167,3472.44493128297,3668.26718868304,3862.41684154449,4041.14509960271,4203.60997813721,4325.89599502686
Economic OI (pretax),8258.10962334387,9988.5619644691,10156.0121086085,11612.8332988271,10485.9095326191,11056.5443446016,10923.1678607941,9091.96922655152,10852.5753613784,14337.744704733,13618.1509772634,13401.668804077,12878.9977971946,14112.5327928647,13076.0923792103,12921.6645603273,13639.6180151938,14066.453852617
Economic OI-after-tax,5974.68567505689,7313.29651332084,7747.52963034585,8408.05783390832,7763.30587517372,8359.09854286402,8102.12644271605,6637.09725291799,8009.11908639496,7158.73999923691,18745.4215822951,10501.1117138064,10103.8730862593,10940.2764875366,10893.1695815363,10267.2206306726,10894.5311504424,11293.2355965138
NFE after-tax (real),375.511675984831,458.948101617329,1068.49052113502,932.873637962719,981.945225603361,1000.40066273977,963.651728566036,1013.79102669315,1397.54843368785,804.348169996377,2223.49409032879,967.786584322471,1155.56207211752,1801.54398555746,901.793412519786,722.302244130784,791.122884029536,944.881894081207
Economic NI,5599.17399907206,6854.34841170351,6679.03910921083,7475.1841959456,6781.36064957036,7358.69788012425,7138.47471415002,5623.30622622484,6611.57065270711,6354.39182924053,16521.9274919663,9533.32512948395,8948.31101414181,9138.7325019791,9991.3761690165,9544.91838654183,10103.4082664129,10348.3537024326
OCI (real),-7306.29560201205,-5926.51459654978,-5578.82603551381,-9280.21004361182,-8009.00677282507,-7375.50544091828,-15103.0146956948,-18831.9961732703,-19435.1707950185,-17851.2606519256,-20177.552346211,-18744.8765337933,-20039.1928782007,-18425.1483706683,-17522.5167723087,-17084.8917368445,-18815.4072218025,-15639.0663937405
Comprehensive income,-1707.12160293999,927.833815153731,1100.21307369702,-1805.02584766623,-1227.64612325472,-16.8075607940309,-7964.53998154477,-13208.6899470454,-12823.6001423114,-11496.8688226851,-3655.62485424471,-9211.55140430938,-11090.8818640589,-9286.41586868924,-7531.14060329219,-7539.9733503027,-8711.99895538958,-5290.71269130793
