name,1986-06-30,1987-06-30,1988-06-30,1989-06-30,1990-06-30,1991-06-30,1992-06-30,1993-06-30,1994-06-30,1995-06-30,1996-06-30,1997-06-30,1998-06-30,1999-06-30,2000-06-30,2001-06-30,2002-06-30,2003-06-30,2004-06-30,2005-06-30,2006-06-30,2007-06-30,2008-06-30,2009-06-30,2010-06-30,2011-06-30,2012-06-30,2013-06-30,2014-06-30,2015-06-30,2016-06-30,2017-06-30,2018-06-30,2019-06-30,2020-06-30,2021-06-30,2022-06-30,2023-06-30,2024-06-30,2025-06-30,2026-06-30
Total Assets,170700000,287800000,493000000,720600000,1105300000,1644200000,2639900000,3805000000,5363000000,7210000000,10093000000,14387000000,22357000000,38625000000,52150000000,58830000000,67646000000,81732000000,94368000000,70815000000,69597000000,63171000000,72793000000,77888000000,86113000000,108704000000,121271000000,142431000000,172384000000,174472000000,193694000000,241086000000,258848000000,286556000000,301311000000,333779000000,364840000000,411976000000,512163000000,619003000000,758376000000
Cash And Cash Equivalents,102700000,132500000,183200000,192400000,246300000,417200000,791400000,1013000000,1477000000,1962000000,2601000000,3706000000,3839000000,4975000000,4846000000,3922000000,3016000000,6438000000,14304000000,4851000000,6714000000,6111000000,10339000000,6076000000,5505000000,9610000000,6938000000,3804000000,8669000000,5595000000,6510000000,7663000000,11946000000,11356000000,13576000000,14224000000,13931000000,34704000000,18315000000,30242000000,20935000000
Other Short Term Investments,,,,,,,,,,,,,,12261000000,18952000000,27678000000,35636000000,42610000000,46288000000,32900000000,27447000000,17300000000,13323000000,25371000000,31283000000,43162000000,56102000000,73218000000,77040000000,90931000000,106730000000,125318000000,121822000000,122463000000,122951000000,116110000000,90826000000,76558000000,57216000000,64313000000,55908000000
Net PPE,19500000,70000000,130100000,198800000,325400000,530200000,766600000,867000000,930000000,1192000000,1326000000,1465000000,1505000000,1611000000,1903000000,2309000000,2268000000,2223000000,2326000000,2346000000,3044000000,4350000000,6242000000,7535000000,7630000000,8162000000,8269000000,9991000000,13011000000,14731000000,18356000000,23734000000,29460000000,36477000000,44151000000,70803000000,87546000000,109987000000,154552000000,229789000000,337253000000
Gross PPE,19500000,70000000,130100000,198800000,325400000,530200000,766600000,867000000,930000000,1192000000,1326000000,1465000000,1505000000,1611000000,1903000000,2309000000,2268000000,2223000000,2326000000,2346000000,3044000000,4350000000,6242000000,7535000000,7630000000,8162000000,8269000000,9991000000,13011000000,14731000000,38156000000,54468000000,65369000000,79186000000,96101000000,122154000000,147206000000,178238000000,230973000000,323442000000,455944000000
Common Stock Equity,139300000,239100000,375500000,561800000,918600000,1350800000,2193000000,3242000000,4450000000,5333000000,6908000000,10777000000,16627000000,28438000000,41368000000,47289000000,52180000000,61020000000,74825000000,48115000000,40104000000,31097000000,36286000000,39558000000,46175000000,57083000000,66363000000,78944000000,89784000000,80083000000,71997000000,72394000000,82718000000,102330000000,118304000000,141988000000,166542000000,206223000000,268477000000,343479000000,442387000000
Minority Interest,,,,,,,,,,,,,,,,,,,,,,,,,0,0,0,0,0,0,0,0,0,,,,,,,,
Ordinary Shares Number,7342400000,7190000000,6195000000,6820000000,7977142857,8412727273,8851250000,9530000000,9760000000,10032000000,10209302326,10421212121,10724000000,10964000000,11067058824,11148000000,11106000000,10882000000,10894000000,10906000000,10531000000,9886000000,9470000000,8996000000,8927000000,8593000000,8506000000,8470000000,8399000000,8254000000,8013000000,7832000000,7794000000,7753000000,7683000000,7608000000,7540000000,7472000000,7469000000,7465000000,7453000000
Total Debt,1900000,7100000,20300000,25400000,6500000,19500000,8300000,,,,,,,,,,,,,,,,,5756000000,5939000000,17284000000,11944000000,15600000000,22645000000,35292000000,53687000000,86194000000,81808000000,78366000000,70998000000,67775000000,61270000000,59965000000,67127000000,60588000000,128808300000
Total Liabilities Net Minority Interest,31400000,48700000,117500000,158800000,186700000,293400000,446900000,563000000,913000000,1752000000,3060000000,3610000000,5730000000,10187000000,10782000000,11541000000,15466000000,16820000000,19543000000,22700000000,29493000000,32074000000,36507000000,38330000000,39938000000,51621000000,54908000000,63487000000,82600000000,94389000000,121697000000,168692000000,176130000000,184226000000,183007000000,191791000000,198298000000,205753000000,243686000000,275524000000,315989000000
Retained Earnings,89200000,161100000,285000000,455600000,688900000,956300000,1536100000,2156000000,2950000000,3328000000,3984000000,5288000000,7622000000,13614000000,18173000000,18899000000,20533000000,25676000000,18429000000,-13724000000,-20130000000,-31114000000,-27703000000,-22824000000,-16681000000,-6332000000,566000000,9895000000,17710000000,9096000000,2282000000,2648000000,13682000000,24150000000,34566000000,57055000000,84281000000,118848000000,173144000000,237731000000,328265000000
Gains Losses Not Affecting Retained Earnings,-11000000,-18600000,-30100000,-49800000,-73900000,-118500000,-210600000,-314000000,-515000000,-715000000,-1020000000,-1312000000,-1547000000,-1905000000,-2411000000,-2966000000,-3623000000,-3855000000,-4163000000,1426000000,1229000000,1654000000,1140000000,969000000,-8629000000,1863000000,1422000000,1743000000,3708000000,2522000000,1537000000,431000000,-2187000000,-340000000,3186000000,1822000000,-4678000000,-6343000000,-5590000000,-3347000000,-3284000000
Current Assets,148000000,213000000,345300000,468900000,719900000,1028500000,1769700000,2850000000,4312000000,5620000000,7839000000,10373000000,15889000000,21702000000,30308000000,39210000000,48576000000,58973000000,70566000000,48737000000,49010000000,40168000000,43242000000,49280000000,55676000000,74918000000,85084000000,101466000000,114246000000,122797000000,139660000000,159851000000,169662000000,175552000000,181915000000,184406000000,169684000000,184257000000,159734000000,191131000000,207710000000
"Cash, Cash Equivalents & Short Term Investments",102700000,132500000,183200000,192400000,246300000,417200000,791400000,1013000000,1477000000,1962000000,2601000000,3706000000,3839000000,17236000000,23798000000,31600000000,38652000000,49048000000,60592000000,37751000000,34161000000,23411000000,23662000000,31447000000,36788000000,52772000000,63040000000,77022000000,85709000000,96526000000,113240000000,132981000000,133768000000,133819000000,136527000000,130334000000,104757000000,111262000000,75531000000,94555000000,76843000000
Cash,102700000,132500000,183200000,192400000,246300000,417200000,791400000,1013000000,1477000000,1962000000,2601000000,3706000000,3839000000,4975000000,4846000000,3922000000,3016000000,6438000000,14304000000,4851000000,6714000000,6111000000,10339000000,6076000000,5505000000,9610000000,6938000000,3804000000,8669000000,5595000000,6510000000,7663000000,11946000000,11356000000,13576000000,14224000000,13931000000,34704000000,18315000000,30242000000,20935000000
Receivables,34500000,55100000,93600000,111200000,181000000,243300000,823700000,338000000,475000000,581000000,639000000,980000000,1460000000,2245000000,3250000000,3671000000,5129000000,5196000000,5890000000,7180000000,9316000000,11338000000,13589000000,11192000000,13014000000,14987000000,15780000000,17486000000,19544000000,17908000000,18277000000,19792000000,26481000000,29524000000,32011000000,38043000000,44261000000,48688000000,56924000000,69905000000,80876000000
Accounts receivable,34500000,55100000,93600000,111200000,181000000,243300000,823700000,338000000,475000000,581000000,639000000,980000000,1460000000,2245000000,3250000000,3671000000,5129000000,5196000000,5890000000,7180000000,9316000000,11338000000,13589000000,11192000000,13014000000,14987000000,15780000000,17486000000,19544000000,17908000000,18277000000,19792000000,26481000000,29524000000,32011000000,38043000000,44261000000,48688000000,56924000000,69905000000,80876000000
Inventory,8000000,16600000,53500000,37800000,55600000,47100000,85900000,127000000,102000000,88000000,,,,,,83000000,673000000,640000000,421000000,491000000,1478000000,1127000000,985000000,717000000,740000000,1372000000,1137000000,1938000000,2660000000,2902000000,2251000000,2181000000,2662000000,2063000000,1895000000,2636000000,3742000000,2500000000,1246000000,938000000,1397000000
Other Current Assets,2800000,8800000,15000000,127500000,237000000,320900000,68700000,1372000000,2258000000,2989000000,4599000000,5687000000,10590000000,2221000000,3260000000,3856000000,4122000000,4089000000,3663000000,3315000000,4055000000,4292000000,5006000000,3711000000,5134000000,3320000000,5127000000,5020000000,6333000000,5461000000,5892000000,4897000000,6751000000,10146000000,11482000000,13393000000,16924000000,21807000000,26033000000,25733000000,48594000000
Total non-current assets,22700000,74800000,147700000,251700000,385400000,615700000,870200000,955000000,1051000000,1590000000,2254000000,4014000000,6468000000,16923000000,21842000000,19620000000,19070000000,22759000000,23802000000,22078000000,20587000000,23003000000,29551000000,28608000000,30437000000,33786000000,36187000000,40965000000,58138000000,51675000000,54034000000,81235000000,89186000000,111004000000,119396000000,149373000000,195156000000,227719000000,352429000000,427872000000,550666000000
Accumulated Depreciation,,,,,,,,,,,,,,,,,,,,,,,,,,,,,,,,,,,,,,,,,
Goodwill,,,,,,,,,,,,,,,,,1426000000,180000000,3115000000,3309000000,3866000000,4760000000,12108000000,12503000000,12394000000,12581000000,13452000000,14655000000,20127000000,16939000000,17872000000,35122000000,35683000000,42026000000,43351000000,49711000000,67524000000,67886000000,119220000000,119509000000,119651000000
Other Intangible Assets,,,7900000,,,,,,,,,,,,,1912000000,1669000000,3512000000,3684000000,3808000000,539000000,878000000,1973000000,1759000000,1158000000,744000000,3170000000,3083000000,6981000000,4835000000,3733000000,10106000000,8053000000,7750000000,7038000000,7800000000,11298000000,9366000000,27597000000,22604000000,18609000000
Investments And Advances,,,,,,,,,,,,,,,,,,,,,,,,,7754000000,10865000000,9776000000,10844000000,14597000000,12053000000,10431000000,6023000000,1862000000,2649000000,2965000000,5984000000,6891000000,9879000000,14600000000,15133000000,36348000000
Other Non Current Assets,3200000,4800000,9700000,52900000,60000000,85500000,103600000,88000000,121000000,398000000,928000000,2549000000,4963000000,15312000000,19939000000,15399000000,15133000000,14863000000,13984000000,12303000000,10527000000,1509000000,1691000000,1599000000,1501000000,-1033000000,1520000000,2392000000,3422000000,3117000000,2166000000,5719000000,7442000000,14723000000,13138000000,15075000000,21897000000,30601000000,36460000000,40837000000,38805000000
Current Liabilities,29500000,46600000,117600000,158800000,186800000,293400000,446900000,563000000,913000000,1347000000,2425000000,3610000000,5730000000,8802000000,9755000000,9254000000,12744000000,13974000000,14969000000,16877000000,22442000000,23754000000,29886000000,27034000000,26147000000,28774000000,32688000000,37417000000,45625000000,49647000000,59357000000,64527000000,58488000000,69420000000,72310000000,88657000000,95082000000,104149000000,125286000000,141218000000,168825000000
Current Debt And Capital Lease Obligation,,5100000,20300000,25400000,6500000,19500000,8300000,,,,,,,,,742000000,1145000000,1416000000,1339000000,1662000000,3495000000,2325000000,8796000000,2000000000,1000000000,5363000000,1231000000,2999000000,2000000000,7484000000,12904000000,10121000000,3998000000,5516000000,3749000000,8072000000,2749000000,5247000000,8942000000,2999000000,18905300000
Current Debt,,5100000,20300000,25400000,6500000,19500000,8300000,,,,,,,,,742000000,1145000000,1416000000,1339000000,1662000000,3495000000,2325000000,8796000000,2000000000,1000000000,5363000000,1231000000,2999000000,2000000000,7484000000,12904000000,10121000000,3998000000,5516000000,3749000000,8072000000,2749000000,5247000000,8942000000,2999000000,18905300000
Current Capital Lease Obligation,,,,,,,,,,,,,,,,,,,,,,,,,,,,,,,,,5568000000,6188000000,7671000000,9629000000,11489000000,12728000000,15497000000,17437000000,16532000000
Other Current Liabilities,29500000,41500000,97300000,91400000,129300000,188000000,251100000,324000000,589000000,784000000,1617000000,2889000000,4971000000,7928000000,3856000000,3671000000,3594000000,5176000000,6738000000,7289000000,10395000000,9728000000,9207000000,8707000000,6396000000,3492000000,7840000000,8359000000,12261000000,11743000000,12087000000,12914000000,16968000000,21846000000,20031000000,23897000000,27795000000,29906000000,25820000000,37344000000,34538700000
Total Non Current Liabilities Net Minority Interest,1900000,2100000,-100000,,-100000,,,,,405000000,635000000,,,1385000000,1027000000,2287000000,2722000000,2846000000,4574000000,5823000000,7051000000,8320000000,6621000000,11296000000,13791000000,22847000000,22220000000,26070000000,36975000000,44742000000,62340000000,104165000000,117642000000,114806000000,110697000000,103134000000,103216000000,101604000000,118400000000,134306000000,147164000000
Long Term Debt And Capital Lease Obligation,,,,,,,,,,,,,,,,,,,,,,,,3756000000,4939000000,11921000000,10713000000,12601000000,20645000000,27808000000,40783000000,76073000000,77810000000,72850000000,67249000000,59703000000,58521000000,54718000000,58185000000,57589000000,
Long Term Debt,,,,,,,,,,,,,,,,,,,,,,,,3756000000,4939000000,11921000000,10713000000,12601000000,20645000000,27808000000,40783000000,76073000000,72242000000,66662000000,59578000000,50074000000,47032000000,41990000000,42688000000,40152000000,31067000000
Long Term Capital Lease Obligation,,,,,,,,,,,,,,,,,,,,,,,,,,,,,,,,,5568000000,6188000000,7671000000,9629000000,11489000000,12728000000,15497000000,17437000000,16532000000
Non Current Deferred Liabilities,,,,,,,,,,,,,,,,,,,,,,,,,1407000000,2854000000,3299000000,3469000000,4736000000,4930000000,7917000000,10908000000,541000000,233000000,204000000,198000000,230000000,,,,
Other Non Current Liabilities,,,,,,,,,,,,,,,,,,,,,,,,,7445000000,8072000000,8208000000,10000000000,11594000000,13544000000,13640000000,17184000000,44859000000,47911000000,50915000000,13427000000,15526000000,17981000000,27064000000,45186000000,65117000000
Total Equity Gross Minority Interest,139300000,239100000,375500000,561800000,918600000,1350800000,2193000000,3242000000,4450000000,5333000000,6908000000,10777000000,16627000000,28438000000,41368000000,47289000000,52180000000,61020000000,74825000000,48115000000,40104000000,31097000000,36286000000,39558000000,46175000000,57083000000,66363000000,78944000000,89784000000,80083000000,71997000000,72394000000,82718000000,102330000000,118304000000,141988000000,166542000000,206223000000,268477000000,343479000000,442387000000
Stockholders' Equity,139300000,239100000,375500000,561800000,918600000,1350800000,2193000000,3242000000,4450000000,5333000000,6908000000,10777000000,16627000000,28438000000,41368000000,47289000000,52180000000,61020000000,74825000000,48115000000,40104000000,31097000000,36286000000,39558000000,46175000000,57083000000,66363000000,78944000000,89784000000,80083000000,71997000000,72394000000,82718000000,102330000000,118304000000,141988000000,166542000000,206223000000,268477000000,343479000000,442387000000
Capital Stock,,,,,,,,,,,,,,,,,,,,,,,,,,,,,,,,,,78520000000,80552000000,83111000000,86939000000,93718000000,100923000000,109095000000,117406000000
Preferred Stock,,,,,,,,,,,,,,,,,,,,,,,,,0,0,0,0,0,0,0,0,0,,,,,,,,
Common Stock,,,,,,,,,,,,-980000000,-980000000,13844000000,23195000000,28390000000,31647000000,35344000000,56396000000,60413000000,59005000000,60557000000,62849000000,62382000000,62856000000,63415000000,65797000000,67306000000,68366000000,68465000000,68178000000,69315000000,71223000000,78520000000,80552000000,83111000000,86939000000,93718000000,100923000000,109095000000,117406000000
Additional Paid in Capital,,,,,,,,,,,,,,,,,,,,,,,,,0,0,0,0,0,0,0,0,0,,,,,,,,
Other Equity Adjustments,61100000,96600000,120600000,156000000,303600000,513000000,867500000,1400000000,2015000000,2720000000,3944000000,5821000000,9572000000,1905000000,2411000000,2966000000,3623000000,3855000000,4163000000,,,,,-969000000,8629000000,-1863000000,-1422000000,1743000000,3708000000,2522000000,1537000000,431000000,-2187000000,-340000000,3186000000,1822000000,-4678000000,-6343000000,-2965000000,-2296000000,
Capital Lease Obligations,,,,,,,,,,,,,,,,,,,,,,,,,,,,,,,,,5568000000,6188000000,7671000000,9629000000,11489000000,12728000000,15497000000,17437000000,16532000000
Net Tangible Assets,,,,,,,,,,,,,,,,,,,,,,,,,32623000000,43758000000,49741000000,61206000000,62676000000,58309000000,50392000000,27166000000,38982000000,52554000000,67915000000,84477000000,87720000000,128971000000,,,
Invested Capital,,,,,,,,,,,,,,,,,,,,,,,,,,,,,,,,158588000000,158958000000,174508000000,181631000000,200134000000,216323000000,253460000000,320107000000,386630000000,482681000000
Tangible Book Value,,,,,,,,,,,,,,,,,,,,,,,,,32623000000,43758000000,49741000000,61206000000,62676000000,58309000000,50392000000,27166000000,38982000000,52554000000,67915000000,84477000000,87720000000,128971000000,,,
Net Debt,-100800000,-125400000,-162900000,-167000000,-239800000,-397700000,-783100000,-1013000000,-1477000000,-1962000000,-2601000000,-3706000000,-3839000000,-4975000000,-4846000000,-3922000000,-3016000000,-6438000000,-14304000000,-4851000000,-6714000000,-6111000000,-10339000000,-320000000,434000000,7674000000,5006000000,11796000000,13976000000,29697000000,47177000000,78531000000,69862000000,67010000000,57422000000,53551000000,47339000000,25261000000,48812000000,30346000000,107873300000
Share Issued,7342400000,7190000000,6195000000,6820000000,7977142857,8412727273,8851250000,9530000000,9760000000,10032000000,10209302326,10421212121,10724000000,10964000000,11067058824,11148000000,11106000000,10882000000,10894000000,10906000000,10531000000,9886000000,9470000000,8996000000,8927000000,8593000000,8506000000,8470000000,8399000000,8254000000,8013000000,7832000000,7794000000,7753000000,7683000000,7608000000,7540000000,7472000000,7469000000,7465000000,7453000000
Non Current Pension And Other Post-Retirement Benefit Plans,,,,,,,,,,,,,,,,,,,,,,,,,,,,,,,,,,,,,,,,,
